{
    "Standard GA": {
        "mean": 11.576705331802367,
        "std": 2.140612284127053
    },
    "AB-WOA-APF": {
        "mean": 29.1576509475708,
        "std": 5.345456220868027
    },
    "HWPSO": {
        "mean": 7.232238116264344,
        "std": 1.2822806811263798
    },
    "NSGA-II Length": {
        "mean": 140.65024143457413,
        "std": 25.50572150666077
    },
    "NSGA-II Smooth": {
        "mean": 140.65024143457413,
        "std": 25.50572150666077
    },
    "NSGA-II Effort": {
        "mean": 140.65024143457413,
        "std": 25.50572150666077
    },
    "NSGA-II Centered": {
        "mean": 140.65024143457413,
        "std": 25.50572150666077
    },
    "NSGA-II Safe": {
        "mean": 140.65024143457413,
        "std": 25.50572150666077
    },
    "NSGA-II Adaptive": {
        "mean": 140.65024143457413,
        "std": 25.50572150666077
    }
}