{
    "Standard GA": {
        "mean": 14.687968430519105,
        "std": 1.5806087930229562
    },
    "AB-WOA-APF": {
        "mean": 48.27925681352615,
        "std": 4.586449940135117
    },
    "HWPSO": {
        "mean": 9.35457127571106,
        "std": 1.5096265224628709
    },
    "NSGA-II Length": {
        "mean": 184.55056881189347,
        "std": 16.14990387067959
    },
    "NSGA-II Smooth": {
        "mean": 184.55056881189347,
        "std": 16.14990387067959
    },
    "NSGA-II Effort": {
        "mean": 184.55056881189347,
        "std": 16.14990387067959
    },
    "NSGA-II Centered": {
        "mean": 184.55056881189347,
        "std": 16.14990387067959
    },
    "NSGA-II Safe": {
        "mean": 184.55056881189347,
        "std": 16.14990387067959
    },
    "NSGA-II Adaptive": {
        "mean": 184.55056881189347,
        "std": 16.14990387067959
    }
}