{
    "Standard GA": {
        "mean": 9.22567549943924,
        "std": 0.3605361058599332
    },
    "AB-WOA-APF": {
        "mean": 21.259246032238007,
        "std": 1.0586442510842666
    },
    "HWPSO": {
        "mean": 5.580914916992188,
        "std": 0.3513341773957905
    },
    "NSGA-II Length": {
        "mean": 104.14711660861968,
        "std": 5.207027081700519
    },
    "NSGA-II Smooth": {
        "mean": 104.14711660861968,
        "std": 5.207027081700519
    },
    "NSGA-II Effort": {
        "mean": 104.14711660861968,
        "std": 5.207027081700519
    },
    "NSGA-II Centered": {
        "mean": 104.14711660861968,
        "std": 5.207027081700519
    },
    "NSGA-II Safe": {
        "mean": 104.14711660861968,
        "std": 5.207027081700519
    },
    "NSGA-II Adaptive": {
        "mean": 104.14711660861968,
        "std": 5.207027081700519
    }
}