{
    "Standard GA": {
        "mean": 12.672803602218629,
        "std": 1.2438374520967936
    },
    "AB-WOA-APF": {
        "mean": 40.33077503919601,
        "std": 3.151956432525001
    },
    "HWPSO": {
        "mean": 8.626011607646943,
        "std": 1.066785317751727
    },
    "NSGA-II Length": {
        "mean": 161.64174038887023,
        "std": 12.694150193928303
    },
    "NSGA-II Smooth": {
        "mean": 161.64174038887023,
        "std": 12.694150193928303
    },
    "NSGA-II Effort": {
        "mean": 161.64174038887023,
        "std": 12.694150193928303
    },
    "NSGA-II Centered": {
        "mean": 161.64174038887023,
        "std": 12.694150193928303
    },
    "NSGA-II Safe": {
        "mean": 161.64174038887023,
        "std": 12.694150193928303
    },
    "NSGA-II Adaptive": {
        "mean": 161.64174038887023,
        "std": 12.694150193928303
    }
}