{
    "Standard GA": {
        "mean": 10.767579295635223,
        "std": 0.6842573934614405
    },
    "AB-WOA-APF": {
        "mean": 31.09846874475479,
        "std": 1.8914215496639806
    },
    "HWPSO": {
        "mean": 6.771352248191834,
        "std": 0.4648053869959529
    },
    "NSGA-II Length": {
        "mean": 130.78982149839402,
        "std": 5.283712209209455
    },
    "NSGA-II Smooth": {
        "mean": 130.78982149839402,
        "std": 5.283712209209455
    },
    "NSGA-II Effort": {
        "mean": 130.78982149839402,
        "std": 5.283712209209455
    },
    "NSGA-II Centered": {
        "mean": 130.78982149839402,
        "std": 5.283712209209455
    },
    "NSGA-II Safe": {
        "mean": 130.78982149839402,
        "std": 5.283712209209455
    },
    "NSGA-II Adaptive": {
        "mean": 130.78982149839402,
        "std": 5.283712209209455
    }
}