{
    "Standard GA": {
        "mean": 11.816447746753692,
        "std": 1.284933051350809
    },
    "AB-WOA-APF": {
        "mean": 27.45754940986633,
        "std": 2.917888178088721
    },
    "HWPSO": {
        "mean": 7.217708141803741,
        "std": 0.7224612843363853
    },
    "NSGA-II Length": {
        "mean": 132.21318749427795,
        "std": 10.076574010852637
    },
    "NSGA-II Smooth": {
        "mean": 132.21318749427795,
        "std": 10.076574010852637
    },
    "NSGA-II Effort": {
        "mean": 132.21318749427795,
        "std": 10.076574010852637
    },
    "NSGA-II Centered": {
        "mean": 132.21318749427795,
        "std": 10.076574010852637
    },
    "NSGA-II Safe": {
        "mean": 132.21318749427795,
        "std": 10.076574010852637
    },
    "NSGA-II Adaptive": {
        "mean": 132.21318749427795,
        "std": 10.076574010852637
    }
}