{
    "Standard GA": {
        "mean": 11.283466448783875,
        "std": 1.6608777191686908
    },
    "AB-WOA-APF": {
        "mean": 28.13458503484726,
        "std": 4.076110733606164
    },
    "HWPSO": {
        "mean": 7.221101746559143,
        "std": 0.8856818393776263
    },
    "NSGA-II Length": {
        "mean": 134.6816750240326,
        "std": 14.46196624626273
    },
    "NSGA-II Smooth": {
        "mean": 134.6816750240326,
        "std": 14.46196624626273
    },
    "NSGA-II Effort": {
        "mean": 134.6816750240326,
        "std": 14.46196624626273
    },
    "NSGA-II Centered": {
        "mean": 134.6816750240326,
        "std": 14.46196624626273
    },
    "NSGA-II Safe": {
        "mean": 134.6816750240326,
        "std": 14.46196624626273
    },
    "NSGA-II Adaptive": {
        "mean": 134.6816750240326,
        "std": 14.46196624626273
    }
}