{
    "Standard GA": {
        "mean": 11.78464342355728,
        "std": 0.7146190790088678
    },
    "AB-WOA-APF": {
        "mean": 36.166317465305326,
        "std": 1.2620406396439392
    },
    "HWPSO": {
        "mean": 7.54469954252243,
        "std": 0.4968528771609845
    },
    "NSGA-II Length": {
        "mean": 145.83614159345626,
        "std": 5.40080033351092
    },
    "NSGA-II Smooth": {
        "mean": 145.83614159345626,
        "std": 5.40080033351092
    },
    "NSGA-II Effort": {
        "mean": 145.83614159345626,
        "std": 5.40080033351092
    },
    "NSGA-II Centered": {
        "mean": 145.83614159345626,
        "std": 5.40080033351092
    },
    "NSGA-II Safe": {
        "mean": 145.83614159345626,
        "std": 5.40080033351092
    },
    "NSGA-II Adaptive": {
        "mean": 145.83614159345626,
        "std": 5.40080033351092
    }
}