{
    "Standard GA": {
        "mean": 18.752744076251982,
        "std": 2.7068166013814543
    },
    "AB-WOA-APF": {
        "mean": 34.465860197544096,
        "std": 3.534045430240542
    },
    "HWPSO": {
        "mean": 12.473778676986694,
        "std": 1.3901863744844951
    },
    "NSGA-II Length": {
        "mean": 216.78974927425384,
        "std": 20.603491218656952
    },
    "NSGA-II Smooth": {
        "mean": 216.78974927425384,
        "std": 20.603491218656952
    },
    "NSGA-II Effort": {
        "mean": 216.78974927425384,
        "std": 20.603491218656952
    },
    "NSGA-II Centered": {
        "mean": 216.78974927425384,
        "std": 20.603491218656952
    },
    "NSGA-II Safe": {
        "mean": 216.78974927425384,
        "std": 20.603491218656952
    },
    "NSGA-II Adaptive": {
        "mean": 216.78974927425384,
        "std": 20.603491218656952
    }
}